id,name,company_name,region_id,email,customer_since
cust_1,Pamela Romero,Harrell LLC,region_5,pamela.romero@harrell.com,2015-10-01
cust_2,Katie Gonzalez,Farmer-Ryan,region_2,katie.gonzalez@farmer-ryan.com,2018-05-09
cust_3,Kerry Smith,Burns-Rodriguez,region_6,kerry.smith@burns-rodriguez.com,2021-09-24
cust_4,William Roman,Brown PLC,region_2,william.roman@brown.com,2022-04-01
cust_5,Angelica Tucker,Spence PLC,region_3,angelica.tucker@spence.com,2015-03-17
cust_6,Betty Alvarez,"Martin, Rose and Obrien",region_6,betty.alvarez@martin.com,2020-10-31
cust_7,Tanya Campos,"Harris, Collins and Carney",region_3,tanya.campos@harris.com,2016-01-31
cust_8,Jessica Holmes,Wright Inc,region_5,jessica.holmes@wright.com,2016-05-20
cust_9,Kevin Hall,Smith Ltd,region_1,kevin.hall@smith.com,2011-10-26
cust_10,Crystal Whitehead,Jones-Young,region_2,crystal.whitehead@jones-young.com,2007-09-11
cust_11,Cindy Anderson,"Johnston, Sanchez and Kennedy",region_3,cindy.anderson@johnston.com,2006-09-24
cust_12,Brandon Hopkins,Henderson-Owens,region_5,brandon.hopkins@henderson-owens.com,2018-09-06
cust_13,Megan Joyce,Brown Ltd,region_2,megan.joyce@brown.com,2019-06-16
cust_14,Scott Wright,Herrera and Sons,region_2,scott.wright@herrera.com,2006-06-02
cust_15,Donald Wright,Ramos PLC,region_1,donald.wright@ramos.com,2022-02-18
cust_16,Matthew Fernandez,Novak and Sons,region_6,matthew.fernandez@novak.com,2007-07-31
cust_17,John Lewis,Barrera-Martin,region_2,john.lewis@barrera-martin.com,2007-10-09
cust_18,James House,Mitchell-Horton,region_1,james.house@mitchell-horton.com,2013-09-01
cust_19,Rachel Stanley,Moore-Phillips,region_1,rachel.stanley@moore-phillips.com,2017-10-15
cust_20,Lauren Daniels,"Edwards, Williams and Woods",region_2,lauren.daniels@edwards.com,2012-07-03
cust_21,Kim Brown,"Miller, Lopez and Larson",region_6,kim.brown@miller.com,2017-02-22
cust_22,Cynthia Wilson,"Sanchez, Wheeler and Harvey",region_2,cynthia.wilson@sanchez.com,2018-05-09
cust_23,Kevin Mills,Harris-Moran,region_2,kevin.mills@harris-moran.com,2022-06-25
cust_24,James Powers,Bryant-Hickman,region_5,james.powers@bryant-hickman.com,2019-03-08
cust_25,Alexandra Howell,"Ferrell, Jones and Lewis",region_4,alexandra.howell@ferrell.com,2011-09-16
cust_26,Timothy Ibarra,Wood and Sons,region_4,timothy.ibarra@wood.com,2015-05-22
cust_27,Joshua Turner,"Rice, Contreras and Spencer",region_2,joshua.turner@rice.com,2008-05-16
cust_28,Ashley Humphrey,Wilson-Rodriguez,region_1,ashley.humphrey@wilson-rodriguez.com,2021-01-14
cust_29,Denise Jacobs,"Cooper, Watts and Farrell",region_4,denise.jacobs@cooper.com,2014-03-16
cust_30,Danielle Odonnell,Davis Group,region_4,danielle.odonnell@davis.com,2015-06-24
cust_31,Amanda Cook,Walsh LLC,region_4,amanda.cook@walsh.com,2022-08-11
cust_32,Jeremy Thornton,"Smith, Jones and Ware",region_1,jeremy.thornton@smith.com,2021-05-12
cust_33,Kimberly Davenport,"Tran, Jordan and Williams",region_6,kimberly.davenport@tran.com,2020-10-01
cust_34,Timothy Stanton,Nolan and Sons,region_1,timothy.stanton@nolan.com,2007-08-14
cust_35,Mary Gomez,"Henson, Russell and Oliver",region_4,mary.gomez@henson.com,2022-08-04
cust_36,Timothy Hancock,Keith Inc,region_3,timothy.hancock@keith.com,2024-03-19
cust_37,Tim Patton,Pham-Shields,region_1,tim.patton@pham-shields.com,2011-11-01
cust_38,Debra Cobb,Reyes Inc,region_2,debra.cobb@reyes.com,2010-07-11
cust_39,Courtney Velasquez,Bailey-Hoover,region_5,courtney.velasquez@bailey-hoover.com,2016-04-27
cust_40,Courtney Keller,Murphy-Lin,region_2,courtney.keller@murphy-lin.com,2015-09-21
cust_41,Diana May,Frazier-Anthony,region_2,diana.may@frazier-anthony.com,2012-07-03
cust_42,Alexander Wiley,White-Estes,region_4,alexander.wiley@white-estes.com,2011-11-11
cust_43,Brian Hamilton,"Hartman, Graham and Joyce",region_1,brian.hamilton@hartman.com,2016-03-13
cust_44,Steven Lee,Fletcher Inc,region_5,steven.lee@fletcher.com,2008-06-15
cust_45,Renee Mcdaniel,"Mclaughlin, Gonzalez and Reynolds",region_1,renee.mcdaniel@mclaughlin.com,2020-11-19
cust_46,Tammie Hanson,"Charles, Cortez and Evans",region_5,tammie.hanson@charles.com,2006-08-03
cust_47,Jason Powell,Spencer-Lee,region_1,jason.powell@spencer-lee.com,2023-02-28
cust_48,Jamie Adkins,Gilbert LLC,region_2,jamie.adkins@gilbert.com,2009-12-27
cust_49,Roy Torres,Jordan PLC,region_4,roy.torres@jordan.com,2017-02-24
cust_50,Erica Ramos,"Lewis, Kennedy and Santana",region_4,erica.ramos@lewis.com,2011-01-20
cust_51,Carolyn Miller,"Beck, Harvey and Davis",region_4,carolyn.miller@beck.com,2007-07-29
cust_52,Cynthia Collins,Hernandez Inc,region_2,cynthia.collins@hernandez.com,2014-10-04
cust_53,John Atkinson,Gibson Ltd,region_1,john.atkinson@gibson.com,2015-01-06
cust_54,Michelle Cruz,Sanchez-Douglas,region_3,michelle.cruz@sanchez-douglas.com,2023-11-05
cust_55,Paul Carrillo,Osborne and Sons,region_4,paul.carrillo@osborne.com,2012-08-27
cust_56,Tyler Holmes,Grant Inc,region_4,tyler.holmes@grant.com,2021-11-18
cust_57,Robert Contreras,"Larson, Dodson and Vance",region_6,robert.contreras@larson.com,2023-10-30
cust_58,Michelle Wagner,"Griffin, Moore and Hensley",region_5,michelle.wagner@griffin.com,2021-02-07
cust_59,Paul Larsen,Cannon-Boyd,region_6,paul.larsen@cannon-boyd.com,2017-03-04
cust_60,Denise Jones,Young-Rogers,region_2,denise.jones@young-rogers.com,2010-07-08
cust_61,Angela Hernandez,Benson-Mccarthy,region_3,angela.hernandez@benson-mccarthy.com,2011-02-21
cust_62,Jason Daniels,Brown-Wall,region_1,jason.daniels@brown-wall.com,2019-04-01
cust_63,Randy Shah,Gates PLC,region_6,randy.shah@gates.com,2018-06-02
cust_64,Aaron Bell,Castaneda-Ashley,region_1,aaron.bell@castaneda-ashley.com,2023-01-13
cust_65,Paul Payne,"Hurst, Freeman and Nelson",region_3,paul.payne@hurst.com,2007-07-17
cust_66,Mr. Michael Yates,"Martin, Mcdonald and Anderson",region_1,mr..yates@martin.com,2019-05-12
cust_67,Alyssa Long,"Alvarado, Miller and Patterson",region_4,alyssa.long@alvarado.com,2017-07-15
cust_68,Catherine Green,Lewis-Murphy,region_5,catherine.green@lewis-murphy.com,2009-10-15
cust_69,Jamie Walton,King-Miller,region_1,jamie.walton@king-miller.com,2017-08-25
cust_70,Joshua Cooke,Walker-Jones,region_1,joshua.cooke@walker-jones.com,2010-06-05
cust_71,Amanda Johnson,Gonzalez Inc,region_1,amanda.johnson@gonzalez.com,2019-08-09
cust_72,Cynthia Wells,Elliott and Sons,region_1,cynthia.wells@elliott.com,2021-05-27
cust_73,David Wood,"Lawson, Adkins and Wilson",region_2,david.wood@lawson.com,2015-04-25
cust_74,Traci Rodriguez,Hickman PLC,region_1,traci.rodriguez@hickman.com,2019-01-13
cust_75,Tina Sanders,"Gonzalez, Vargas and Rivas",region_2,tina.sanders@gonzalez.com,2019-03-30
cust_76,Michael Turner,"Burke, Martinez and Riggs",region_5,michael.turner@burke.com,2007-02-24
cust_77,Hannah Patterson,Jones-Holland,region_5,hannah.patterson@jones-holland.com,2008-02-05
cust_78,Jason Henry,Yu-Reid,region_4,jason.henry@yu-reid.com,2021-01-01
cust_79,Michelle Graham,"Boyd, Santos and Gilbert",region_5,michelle.graham@boyd.com,2018-12-08
cust_80,Patricia Marshall,"Vargas, Morris and Sanchez",region_5,patricia.marshall@vargas.com,2013-05-09
cust_81,Diana Hayes,Hudson-Barnett,region_3,diana.hayes@hudson-barnett.com,2010-11-03
cust_82,Johnny Nguyen,Lewis-Salinas,region_6,johnny.nguyen@lewis-salinas.com,2022-04-28
cust_83,Spencer Haynes,Peters-Black,region_3,spencer.haynes@peters-black.com,2011-08-12
cust_84,David Russell,"Chang, Vaughn and Brewer",region_3,david.russell@chang.com,2015-02-19
cust_85,Ricky Davis II,"Sanchez, Beck and Wood",region_2,ricky.ii@sanchez.com,2021-04-28
